wallet_core_flutter	FREE	(404)
wallet_core_flutter_bindings	FREE	(404)
wallet_core_flutter_native	FREE	(404)
wallet_core	TAKEN	0.4.1 Fuse wallet core Dart library to interact with Ethereum based networks
wallet_core_bindings	TAKEN	4.8.0 Dart bindings for trust wallet core, used in Flutter and Dart.
wallet_core_native	FREE	(404)
flutter_wallet_core	FREE	(404)
flutter_wallet_core_bindings	FREE	(404)
flutter_wallet_core_native	FREE	(404)
walletcore	FREE	(404)
walletcore_bindings	FREE	(404)
walletcore_native	FREE	(404)
wallet_core_dart	FREE	(404)
wallet_core_ffi	FREE	(404)
wallet_core_sdk	FREE	(404)
wallet_core_sdk_bindings	FREE	(404)
wallet_core_sdk_native	FREE	(404)
twc_flutter	FREE	(404)
flutter_trust_wallet_core	TAKEN	0.0.1 A flutter plugin - trust wallet core.
trust_wallet_core	TAKEN	0.0.6 A Flutter plugin for trust wallet core
